Datetime,Water Level (m)
2026-06-08 06:00:00,0.39751777
2026-06-08 07:00:00,0.49623066
2026-06-08 08:00:00,0.54746157
2026-06-08 09:00:00,0.5238236
2026-06-08 10:00:00,0.43693236
2026-06-08 11:00:00,0.29815596
2026-06-08 12:00:00,0.14222808
2026-06-08 13:00:00,0.0038596801
2026-06-08 14:00:00,-0.083558045
2026-06-08 15:00:00,-0.109784134
2026-06-08 16:00:00,-0.07892382
2026-06-08 17:00:00,0.017606828
2026-06-08 18:00:00,0.14120004
2026-06-08 19:00:00,0.25698256
2026-06-08 20:00:00,0.34674823
2026-06-08 21:00:00,0.3828946
2026-06-08 22:00:00,0.3698793
2026-06-08 23:00:00,0.296433
2026-06-09 00:00:00,0.19045109
2026-06-09 01:00:00,0.09841292
2026-06-09 02:00:00,0.028256647
2026-06-09 03:00:00,0.010529188
2026-06-09 04:00:00,0.05324095
2026-06-09 05:00:00,0.15187478
2026-06-09 06:00:00,0.28934532
2026-06-09 07:00:00,0.42741087
2026-06-09 08:00:00,0.52830595
2026-06-09 09:00:00,0.573925
2026-06-09 10:00:00,0.57015646
2026-06-09 11:00:00,0.53274333
2026-06-09 12:00:00,0.42183235
2026-06-09 13:00:00,0.28834137
2026-06-09 14:00:00,0.12495238
2026-06-09 15:00:00,0.05352797
2026-06-09 16:00:00,0.0138019165
2026-06-09 17:00:00,0.04649906
2026-06-09 18:00:00,0.15925686
2026-06-09 19:00:00,0.31621447
2026-06-09 20:00:00,0.45770383
2026-06-09 21:00:00,0.5559579
2026-06-09 22:00:00,0.6141998
2026-06-09 23:00:00,0.6074168
2026-06-10 00:00:00,0.5329359
2026-06-10 01:00:00,0.41003534
2026-06-10 02:00:00,0.28736287
2026-06-10 03:00:00,0.20660852
2026-06-10 04:00:00,0.1581821
2026-06-10 05:00:00,0.17996636
2026-06-10 06:00:00,0.25762424
2026-06-10 07:00:00,0.37429863
2026-06-10 08:00:00,0.4904095
2026-06-10 09:00:00,0.5781041
2026-06-10 10:00:00,0.6106514
2026-06-10 11:00:00,0.57621294
2026-06-10 12:00:00,0.46609232
2026-06-10 13:00:00,0.30168957
2026-06-10 14:00:00,0.121164806
2026-06-10 15:00:00,-0.028058343
2026-06-10 16:00:00,-0.13785526
2026-06-10 17:00:00,-0.16649818
2026-06-10 18:00:00,-0.11370557
2026-06-10 19:00:00,0.023316363
2026-06-10 20:00:00,0.20120215
2026-06-10 21:00:00,0.36613873
2026-06-10 22:00:00,0.4954416
2026-06-10 23:00:00,0.563357
2026-06-11 00:00:00,0.55643946
2026-06-11 01:00:00,0.46010116
2026-06-11 02:00:00,0.32470736
2026-06-11 03:00:00,0.1865812
2026-06-11 04:00:00,0.07545881
2026-06-11 05:00:00,0.022765743
2026-06-11 06:00:00,0.023919873
2026-06-11 07:00:00,0.1151898
2026-06-11 08:00:00,0.23764606
2026-06-11 09:00:00,0.36466897
2026-06-11 10:00:00,0.47060555
2026-06-11 11:00:00,0.50798583
2026-06-11 12:00:00,0.47295076
2026-06-11 13:00:00,0.35315216
2026-06-11 14:00:00,0.1733611
2026-06-11 15:00:00,-0.018312197
2026-06-11 16:00:00,-0.18602951
2026-06-11 17:00:00,-0.28577727
2026-06-11 18:00:00,-0.31104207
2026-06-11 19:00:00,-0.22483957
2026-06-11 20:00:00,-0.05891507
2026-06-11 21:00:00,0.14955671
2026-06-11 22:00:00,0.34270525
2026-06-11 23:00:00,0.5003316
2026-06-12 00:00:00,0.5687309
2026-06-12 01:00:00,0.552206
2026-06-12 02:00:00,0.43072402
2026-06-12 03:00:00,0.27579454
2026-06-12 04:00:00,0.11092168
2026-06-12 05:00:00,-0.02365178
2026-06-12 06:00:00,-0.099851266
2026-06-12 07:00:00,-0.09771556
2026-06-12 08:00:00,-0.008336749
2026-06-12 09:00:00,0.13543274
2026-06-12 10:00:00,0.2818177
2026-06-12 11:00:00,0.3996081
2026-06-12 12:00:00,0.44254056
2026-06-12 13:00:00,0.39268148
2026-06-12 14:00:00,0.27057377
2026-06-12 15:00:00,0.0650551
2026-06-12 16:00:00,-0.13081829
2026-06-12 17:00:00,-0.29970178
2026-06-12 18:00:00,-0.41170883
2026-06-12 19:00:00,-0.41168985
2026-06-12 20:00:00,-0.2966884
2026-06-12 21:00:00,-0.09563752
2026-06-12 22:00:00,0.13553274
2026-06-12 23:00:00,0.36743093
2026-06-13 00:00:00,0.5361503
2026-06-13 01:00:00,0.61150587
2026-06-13 02:00:00,0.5690479
2026-06-13 03:00:00,0.4340606
2026-06-13 04:00:00,0.2454025
2026-06-13 05:00:00,0.047410395
2026-06-13 06:00:00,-0.1061959
2026-06-13 07:00:00,-0.19647884
2026-06-13 08:00:00,-0.18696891
2026-06-13 09:00:00,-0.084439285
2026-06-13 10:00:00,0.07169069
2026-06-13 11:00:00,0.23874567
2026-06-13 12:00:00,0.36840376
2026-06-13 13:00:00,0.4222909
2026-06-13 14:00:00,0.37780255
2026-06-13 15:00:00,0.22313263
2026-06-13 16:00:00,0.010646783
2026-06-13 17:00:00,-0.20363069
2026-06-13 18:00:00,-0.37987322
2026-06-13 19:00:00,-0.47721094
2026-06-13 20:00:00,-0.46531478
2026-06-13 21:00:00,-0.31872743
2026-06-13 22:00:00,-0.085359484
2026-06-13 23:00:00,0.18203537
2026-06-14 00:00:00,0.42663106
2026-06-14 01:00:00,0.6090018
2026-06-14 02:00:00,0.6709503
2026-06-14 03:00:00,0.61034906
2026-06-14 04:00:00,0.4457943
2026-06-14 05:00:00,0.22502086
2026-06-14 06:00:00,0.008746685
